bruno	8c6976e5b5410415bde908bd4dee15dfb167a9c873fc4bb8a81f6f2ab448a918
carlos	8c6976e5b5410415bde908bd4dee15dfb167a9c873fc4bb8a81f6f2ab448a918
asddas	b9488f5027319875f1644421ad4244e0bc78fb9379dc4ac6a9213b6992051ccb
asas	ef395bbd0a8c1af1a97b47014e95c6247f47666c4f4f769c03efe5ffbc4debd7
br	8c6976e5b5410415bde908bd4dee15dfb167a9c873fc4bb8a81f6f2ab448a918
br11	8c6976e5b5410415bde908bd4dee15dfb167a9c873fc4bb8a81f6f2ab448a918
brr	8c6976e5b5410415bde908bd4dee15dfb167a9c873fc4bb8a81f6f2ab448a918
bbb	23206de8f9141e49d715417e158bb412d3ee46d07f82426f47b2c399c1b821ca
bb	8c6976e5b5410415bde908bd4dee15dfb167a9c873fc4bb8a81f6f2ab448a918
brbr	8c6976e5b5410415bde908bd4dee15dfb167a9c873fc4bb8a81f6f2ab448a918
bbbbb	8c6976e5b5410415bde908bd4dee15dfb167a9c873fc4bb8a81f6f2ab448a918
aristoperros	8c6976e5b5410415bde908bd4dee15dfb167a9c873fc4bb8a81f6f2ab448a918
lolololo	5991790ff2e0a9000951017ab9cab6b384c3fa27caa35e096e1382ba9c71595a
TSV	fca17147560446ce78fc2d4dadcea41d7fa4388a6ffb2ec3768c3ad65ab36d80
